7127831,ФИЛЬТР,19820.0,Фильтры
7101258,МЕШОК ВОЗДУШНОГО ФИЛЬТРА Ø 255 ММ,20452.0,Фильтры
5156113,КЛАПАН НЕВОЗВРАТНЫЙ,20783.0,Фильтры
5160024,РАСПЫЛИТЕЛЬ,22388.0,Фильтры
7111965,ФИЛЬТР НАСОСА Ø 180 MM,22769.0,Фильтры
5178537,ФИЛЬТР ДЛЯ ВОДЫ FC02 4000L LINCAT,24203.0,Фильтры
5030761,ЗАДНИЙ ФИЛЬТР ВАННЫ G12/03-G11/03,24707.0,Фильтры
5049089,ФИЛЬТР ЭЛЕКТРОМАГНИТНОГО КЛАПАНА MULLER,25899.0,Фильтры
5088830,ВПУСКНАЯ РЕШЕТКА FTN ВЫПУСКНАЯ РЕШЕТКА,28493.0,Фильтры
5026564,ФИЛЬТР СБОРА С РУЧКОЙ,29128.0,Фильтры
5067028,ЕМКОСТНОЙ ФИЛЬТР,36319.0,Фильтры
5153235,ФИЛЬТР,37091.0,Фильтры
7105403,ФИЛЬТР Ø 153 MM,40995.0,Фильтры
5128250,ОБЕЗЗАРАЖИВАТЕЛЬ IRINOX BXIRDIA1 ETL/UL,122470.0,Фильтры
7127831,ФИЛЬТР,19820.0,Фильтры
7101258,МЕШОК ВОЗДУШНОГО ФИЛЬТРА Ø 255 ММ,20452.0,Фильтры
5156113,КЛАПАН НЕВОЗВРАТНЫЙ,20783.0,Фильтры
5160024,РАСПЫЛИТЕЛЬ,22388.0,Фильтры
7111965,ФИЛЬТР НАСОСА Ø 180 MM,22769.0,Фильтры
5178537,ФИЛЬТР ДЛЯ ВОДЫ FC02 4000L LINCAT,24203.0,Фильтры
5030761,ЗАДНИЙ ФИЛЬТР ВАННЫ G12/03-G11/03,24707.0,Фильтры
5049089,ФИЛЬТР ЭЛЕКТРОМАГНИТНОГО КЛАПАНА MULLER,25899.0,Фильтры
5088830,ВПУСКНАЯ РЕШЕТКА FTN ВЫПУСКНАЯ РЕШЕТКА,28493.0,Фильтры
5026564,ФИЛЬТР СБОРА С РУЧКОЙ,29128.0,Фильтры
5067028,ЕМКОСТНОЙ ФИЛЬТР,36319.0,Фильтры
5153235,ФИЛЬТР,37091.0,Фильтры
7105403,ФИЛЬТР Ø 153 MM,40995.0,Фильтры
5128250,ОБЕЗЗАРАЖИВАТЕЛЬ IRINOX BXIRDIA1 ETL/UL,122470.0,Фильтры
7127831,ФИЛЬТР,19820.0,Фильтры
7101258,МЕШОК ВОЗДУШНОГО ФИЛЬТРА Ø 255 ММ,20452.0,Фильтры
5156113,КЛАПАН НЕВОЗВРАТНЫЙ,20783.0,Фильтры
5160024,РАСПЫЛИТЕЛЬ,22388.0,Фильтры
7111965,ФИЛЬТР НАСОСА Ø 180 MM,22769.0,Фильтры
5178537,ФИЛЬТР ДЛЯ ВОДЫ FC02 4000L LINCAT,24203.0,Фильтры
5030761,ЗАДНИЙ ФИЛЬТР ВАННЫ G12/03-G11/03,24707.0,Фильтры
5049089,ФИЛЬТР ЭЛЕКТРОМАГНИТНОГО КЛАПАНА MULLER,25899.0,Фильтры
5088830,ВПУСКНАЯ РЕШЕТКА FTN ВЫПУСКНАЯ РЕШЕТКА,28493.0,Фильтры
5026564,ФИЛЬТР СБОРА С РУЧКОЙ,29128.0,Фильтры
5067028,ЕМКОСТНОЙ ФИЛЬТР,36319.0,Фильтры
5153235,ФИЛЬТР,37091.0,Фильтры
7105403,ФИЛЬТР Ø 153 MM,40995.0,Фильтры
5128250,ОБЕЗЗАРАЖИВАТЕЛЬ IRINOX BXIRDIA1 ETL/UL,122470.0,Фильтры
7127831,ФИЛЬТР,19820.0,Фильтры
7101258,МЕШОК ВОЗДУШНОГО ФИЛЬТРА Ø 255 ММ,20452.0,Фильтры
5156113,КЛАПАН НЕВОЗВРАТНЫЙ,20783.0,Фильтры
5160024,РАСПЫЛИТЕЛЬ,22388.0,Фильтры
7111965,ФИЛЬТР НАСОСА Ø 180 MM,22769.0,Фильтры
5178537,ФИЛЬТР ДЛЯ ВОДЫ FC02 4000L LINCAT,24203.0,Фильтры
5030761,ЗАДНИЙ ФИЛЬТР ВАННЫ G12/03-G11/03,24707.0,Фильтры
5049089,ФИЛЬТР ЭЛЕКТРОМАГНИТНОГО КЛАПАНА MULLER,25899.0,Фильтры
5088830,ВПУСКНАЯ РЕШЕТКА FTN ВЫПУСКНАЯ РЕШЕТКА,28493.0,Фильтры
5026564,ФИЛЬТР СБОРА С РУЧКОЙ,29128.0,Фильтры
5067028,ЕМКОСТНОЙ ФИЛЬТР,36319.0,Фильтры
5153235,ФИЛЬТР,37091.0,Фильтры
7105403,ФИЛЬТР Ø 153 MM,40995.0,Фильтры
5128250,ОБЕЗЗАРАЖИВАТЕЛЬ IRINOX BXIRDIA1 ETL/UL,122470.0,Фильтры
7127831,ФИЛЬТР,19820.0,Фильтры
7101258,МЕШОК ВОЗДУШНОГО ФИЛЬТРА Ø 255 ММ,20452.0,Фильтры
5156113,КЛАПАН НЕВОЗВРАТНЫЙ,20783.0,Фильтры
5160024,РАСПЫЛИТЕЛЬ,22388.0,Фильтры
7111965,ФИЛЬТР НАСОСА Ø 180 MM,22769.0,Фильтры
5178537,ФИЛЬТР ДЛЯ ВОДЫ FC02 4000L LINCAT,24203.0,Фильтры
5030761,ЗАДНИЙ ФИЛЬТР ВАННЫ G12/03-G11/03,24707.0,Фильтры
5049089,ФИЛЬТР ЭЛЕКТРОМАГНИТНОГО КЛАПАНА MULLER,25899.0,Фильтры
5088830,ВПУСКНАЯ РЕШЕТКА FTN ВЫПУСКНАЯ РЕШЕТКА,28493.0,Фильтры
5026564,ФИЛЬТР СБОРА С РУЧКОЙ,29128.0,Фильтры
5067028,ЕМКОСТНОЙ ФИЛЬТР,36319.0,Фильтры
5153235,ФИЛЬТР,37091.0,Фильтры
7105403,ФИЛЬТР Ø 153 MM,40995.0,Фильтры
5128250,ОБЕЗЗАРАЖИВАТЕЛЬ IRINOX BXIRDIA1 ETL/UL,122470.0,Фильтры
7127831,ФИЛЬТР,19820.0,Фильтры
7101258,МЕШОК ВОЗДУШНОГО ФИЛЬТРА Ø 255 ММ,20452.0,Фильтры
5156113,КЛАПАН НЕВОЗВРАТНЫЙ,20783.0,Фильтры
5160024,РАСПЫЛИТЕЛЬ,22388.0,Фильтры
7111965,ФИЛЬТР НАСОСА Ø 180 MM,22769.0,Фильтры
5178537,ФИЛЬТР ДЛЯ ВОДЫ FC02 4000L LINCAT,24203.0,Фильтры
5030761,ЗАДНИЙ ФИЛЬТР ВАННЫ G12/03-G11/03,24707.0,Фильтры
5049089,ФИЛЬТР ЭЛЕКТРОМАГНИТНОГО КЛАПАНА MULLER,25899.0,Фильтры
5088830,ВПУСКНАЯ РЕШЕТКА FTN ВЫПУСКНАЯ РЕШЕТКА,28493.0,Фильтры
5026564,ФИЛЬТР СБОРА С РУЧКОЙ,29128.0,Фильтры
5067028,ЕМКОСТНОЙ ФИЛЬТР,36319.0,Фильтры
5153235,ФИЛЬТР,37091.0,Фильтры
7105403,ФИЛЬТР Ø 153 MM,40995.0,Фильтры
5128250,ОБЕЗЗАРАЖИВАТЕЛЬ IRINOX BXIRDIA1 ETL/UL,122470.0,Фильтры
7127831,ФИЛЬТР,19820.0,Фильтры
7101258,МЕШОК ВОЗДУШНОГО ФИЛЬТРА Ø 255 ММ,20452.0,Фильтры
5156113,КЛАПАН НЕВОЗВРАТНЫЙ,20783.0,Фильтры
5160024,РАСПЫЛИТЕЛЬ,22388.0,Фильтры
7111965,ФИЛЬТР НАСОСА Ø 180 MM,22769.0,Фильтры
5178537,ФИЛЬТР ДЛЯ ВОДЫ FC02 4000L LINCAT,24203.0,Фильтры
5030761,ЗАДНИЙ ФИЛЬТР ВАННЫ G12/03-G11/03,24707.0,Фильтры
5049089,ФИЛЬТР ЭЛЕКТРОМАГНИТНОГО КЛАПАНА MULLER,25899.0,Фильтры
5088830,ВПУСКНАЯ РЕШЕТКА FTN ВЫПУСКНАЯ РЕШЕТКА,28493.0,Фильтры
5026564,ФИЛЬТР СБОРА С РУЧКОЙ,29128.0,Фильтры
5067028,ЕМКОСТНОЙ ФИЛЬТР,36319.0,Фильтры
5153235,ФИЛЬТР,37091.0,Фильтры
7105403,ФИЛЬТР Ø 153 MM,40995.0,Фильтры
5128250,ОБЕЗЗАРАЖИВАТЕЛЬ IRINOX BXIRDIA1 ETL/UL,122470.0,Фильтры
7127831,ФИЛЬТР,19820.0,Фильтры
7101258,МЕШОК ВОЗДУШНОГО ФИЛЬТРА Ø 255 ММ,20452.0,Фильтры
5156113,КЛАПАН НЕВОЗВРАТНЫЙ,20783.0,Фильтры
5160024,РАСПЫЛИТЕЛЬ,22388.0,Фильтры
7111965,ФИЛЬТР НАСОСА Ø 180 MM,22769.0,Фильтры
5178537,ФИЛЬТР ДЛЯ ВОДЫ FC02 4000L LINCAT,24203.0,Фильтры
5030761,ЗАДНИЙ ФИЛЬТР ВАННЫ G12/03-G11/03,24707.0,Фильтры
5049089,ФИЛЬТР ЭЛЕКТРОМАГНИТНОГО КЛАПАНА MULLER,25899.0,Фильтры
5088830,ВПУСКНАЯ РЕШЕТКА FTN ВЫПУСКНАЯ РЕШЕТКА,28493.0,Фильтры
5026564,ФИЛЬТР СБОРА С РУЧКОЙ,29128.0,Фильтры
5067028,ЕМКОСТНОЙ ФИЛЬТР,36319.0,Фильтры
5153235,ФИЛЬТР,37091.0,Фильтры
7105403,ФИЛЬТР Ø 153 MM,40995.0,Фильтры
5128250,ОБЕЗЗАРАЖИВАТЕЛЬ IRINOX BXIRDIA1 ETL/UL,122470.0,Фильтры
7127831,ФИЛЬТР,19820.0,Фильтры
7101258,МЕШОК ВОЗДУШНОГО ФИЛЬТРА Ø 255 ММ,20452.0,Фильтры
5156113,КЛАПАН НЕВОЗВРАТНЫЙ,20783.0,Фильтры
5160024,РАСПЫЛИТЕЛЬ,22388.0,Фильтры
7111965,ФИЛЬТР НАСОСА Ø 180 MM,22769.0,Фильтры
5178537,ФИЛЬТР ДЛЯ ВОДЫ FC02 4000L LINCAT,24203.0,Фильтры
5030761,ЗАДНИЙ ФИЛЬТР ВАННЫ G12/03-G11/03,24707.0,Фильтры
5049089,ФИЛЬТР ЭЛЕКТРОМАГНИТНОГО КЛАПАНА MULLER,25899.0,Фильтры
5088830,ВПУСКНАЯ РЕШЕТКА FTN ВЫПУСКНАЯ РЕШЕТКА,28493.0,Фильтры
5026564,ФИЛЬТР СБОРА С РУЧКОЙ,29128.0,Фильтры
5067028,ЕМКОСТНОЙ ФИЛЬТР,36319.0,Фильтры
5153235,ФИЛЬТР,37091.0,Фильтры
7105403,ФИЛЬТР Ø 153 MM,40995.0,Фильтры
5128250,ОБЕЗЗАРАЖИВАТЕЛЬ IRINOX BXIRDIA1 ETL/UL,122470.0,Фильтры
7127831,ФИЛЬТР,19820.0,Самоклеящиеся этикетки
7101258,МЕШОК ВОЗДУШНОГО ФИЛЬТРА Ø 255 ММ,20452.0,Самоклеящиеся этикетки
5156113,КЛАПАН НЕВОЗВРАТНЫЙ,20783.0,Самоклеящиеся этикетки
5160024,РАСПЫЛИТЕЛЬ,22388.0,Самоклеящиеся этикетки
7111965,ФИЛЬТР НАСОСА Ø 180 MM,22769.0,Самоклеящиеся этикетки
5178537,ФИЛЬТР ДЛЯ ВОДЫ FC02 4000L LINCAT,24203.0,Самоклеящиеся этикетки
5030761,ЗАДНИЙ ФИЛЬТР ВАННЫ G12/03-G11/03,24707.0,Самоклеящиеся этикетки
5049089,ФИЛЬТР ЭЛЕКТРОМАГНИТНОГО КЛАПАНА MULLER,25899.0,Самоклеящиеся этикетки
5088830,ВПУСКНАЯ РЕШЕТКА FTN ВЫПУСКНАЯ РЕШЕТКА,28493.0,Самоклеящиеся этикетки
5026564,ФИЛЬТР СБОРА С РУЧКОЙ,29128.0,Самоклеящиеся этикетки
5067028,ЕМКОСТНОЙ ФИЛЬТР,36319.0,Самоклеящиеся этикетки
5153235,ФИЛЬТР,37091.0,Самоклеящиеся этикетки
7105403,ФИЛЬТР Ø 153 MM,40995.0,Самоклеящиеся этикетки
5128250,ОБЕЗЗАРАЖИВАТЕЛЬ IRINOX BXIRDIA1 ETL/UL,122470.0,Самоклеящиеся этикетки
7127831,ФИЛЬТР,19820.0,Самоклеящиеся этикетки
7101258,МЕШОК ВОЗДУШНОГО ФИЛЬТРА Ø 255 ММ,20452.0,Самоклеящиеся этикетки
5156113,КЛАПАН НЕВОЗВРАТНЫЙ,20783.0,Самоклеящиеся этикетки
5160024,РАСПЫЛИТЕЛЬ,22388.0,Самоклеящиеся этикетки
7111965,ФИЛЬТР НАСОСА Ø 180 MM,22769.0,Самоклеящиеся этикетки
5178537,ФИЛЬТР ДЛЯ ВОДЫ FC02 4000L LINCAT,24203.0,Самоклеящиеся этикетки
5030761,ЗАДНИЙ ФИЛЬТР ВАННЫ G12/03-G11/03,24707.0,Самоклеящиеся этикетки
5049089,ФИЛЬТР ЭЛЕКТРОМАГНИТНОГО КЛАПАНА MULLER,25899.0,Самоклеящиеся этикетки
5088830,ВПУСКНАЯ РЕШЕТКА FTN ВЫПУСКНАЯ РЕШЕТКА,28493.0,Самоклеящиеся этикетки
5026564,ФИЛЬТР СБОРА С РУЧКОЙ,29128.0,Самоклеящиеся этикетки
5067028,ЕМКОСТНОЙ ФИЛЬТР,36319.0,Самоклеящиеся этикетки
5153235,ФИЛЬТР,37091.0,Самоклеящиеся этикетки
7105403,ФИЛЬТР Ø 153 MM,40995.0,Самоклеящиеся этикетки
5128250,ОБЕЗЗАРАЖИВАТЕЛЬ IRINOX BXIRDIA1 ETL/UL,122470.0,Самоклеящиеся этикетки
7127831,ФИЛЬТР,19820.0,Самоклеящиеся этикетки
7101258,МЕШОК ВОЗДУШНОГО ФИЛЬТРА Ø 255 ММ,20452.0,Самоклеящиеся этикетки
5156113,КЛАПАН НЕВОЗВРАТНЫЙ,20783.0,Самоклеящиеся этикетки
5160024,РАСПЫЛИТЕЛЬ,22388.0,Самоклеящиеся этикетки
7111965,ФИЛЬТР НАСОСА Ø 180 MM,22769.0,Самоклеящиеся этикетки
5178537,ФИЛЬТР ДЛЯ ВОДЫ FC02 4000L LINCAT,24203.0,Самоклеящиеся этикетки
5030761,ЗАДНИЙ ФИЛЬТР ВАННЫ G12/03-G11/03,24707.0,Самоклеящиеся этикетки
5049089,ФИЛЬТР ЭЛЕКТРОМАГНИТНОГО КЛАПАНА MULLER,25899.0,Самоклеящиеся этикетки
5088830,ВПУСКНАЯ РЕШЕТКА FTN ВЫПУСКНАЯ РЕШЕТКА,28493.0,Самоклеящиеся этикетки
5026564,ФИЛЬТР СБОРА С РУЧКОЙ,29128.0,Самоклеящиеся этикетки
5067028,ЕМКОСТНОЙ ФИЛЬТР,36319.0,Самоклеящиеся этикетки
5153235,ФИЛЬТР,37091.0,Самоклеящиеся этикетки
7105403,ФИЛЬТР Ø 153 MM,40995.0,Самоклеящиеся этикетки
5128250,ОБЕЗЗАРАЖИВАТЕЛЬ IRINOX BXIRDIA1 ETL/UL,122470.0,Самоклеящиеся этикетки
7127831,ФИЛЬТР,19820.0,Самоклеящиеся этикетки
7101258,МЕШОК ВОЗДУШНОГО ФИЛЬТРА Ø 255 ММ,20452.0,Самоклеящиеся этикетки
5156113,КЛАПАН НЕВОЗВРАТНЫЙ,20783.0,Самоклеящиеся этикетки
5160024,РАСПЫЛИТЕЛЬ,22388.0,Самоклеящиеся этикетки
7111965,ФИЛЬТР НАСОСА Ø 180 MM,22769.0,Самоклеящиеся этикетки
5178537,ФИЛЬТР ДЛЯ ВОДЫ FC02 4000L LINCAT,24203.0,Самоклеящиеся этикетки
5030761,ЗАДНИЙ ФИЛЬТР ВАННЫ G12/03-G11/03,24707.0,Самоклеящиеся этикетки
5049089,ФИЛЬТР ЭЛЕКТРОМАГНИТНОГО КЛАПАНА MULLER,25899.0,Самоклеящиеся этикетки
5088830,ВПУСКНАЯ РЕШЕТКА FTN ВЫПУСКНАЯ РЕШЕТКА,28493.0,Самоклеящиеся этикетки
5026564,ФИЛЬТР СБОРА С РУЧКОЙ,29128.0,Самоклеящиеся этикетки
5067028,ЕМКОСТНОЙ ФИЛЬТР,36319.0,Самоклеящиеся этикетки
5153235,ФИЛЬТР,37091.0,Самоклеящиеся этикетки
7105403,ФИЛЬТР Ø 153 MM,40995.0,Самоклеящиеся этикетки
5128250,ОБЕЗЗАРАЖИВАТЕЛЬ IRINOX BXIRDIA1 ETL/UL,122470.0,Самоклеящиеся этикетки
7127831,ФИЛЬТР,19820.0,Тэны
7101258,МЕШОК ВОЗДУШНОГО ФИЛЬТРА Ø 255 ММ,20452.0,Тэны
5156113,КЛАПАН НЕВОЗВРАТНЫЙ,20783.0,Тэны
5160024,РАСПЫЛИТЕЛЬ,22388.0,Тэны
7111965,ФИЛЬТР НАСОСА Ø 180 MM,22769.0,Тэны
5178537,ФИЛЬТР ДЛЯ ВОДЫ FC02 4000L LINCAT,24203.0,Тэны
5030761,ЗАДНИЙ ФИЛЬТР ВАННЫ G12/03-G11/03,24707.0,Тэны
5049089,ФИЛЬТР ЭЛЕКТРОМАГНИТНОГО КЛАПАНА MULLER,25899.0,Тэны
5088830,ВПУСКНАЯ РЕШЕТКА FTN ВЫПУСКНАЯ РЕШЕТКА,28493.0,Тэны
5026564,ФИЛЬТР СБОРА С РУЧКОЙ,29128.0,Тэны
5067028,ЕМКОСТНОЙ ФИЛЬТР,36319.0,Тэны
5153235,ФИЛЬТР,37091.0,Тэны
7105403,ФИЛЬТР Ø 153 MM,40995.0,Тэны
5128250,ОБЕЗЗАРАЖИВАТЕЛЬ IRINOX BXIRDIA1 ETL/UL,122470.0,Тэны
7127831,ФИЛЬТР,19820.0,Тэны
7101258,МЕШОК ВОЗДУШНОГО ФИЛЬТРА Ø 255 ММ,20452.0,Тэны
5156113,КЛАПАН НЕВОЗВРАТНЫЙ,20783.0,Тэны
5160024,РАСПЫЛИТЕЛЬ,22388.0,Тэны
7111965,ФИЛЬТР НАСОСА Ø 180 MM,22769.0,Тэны
5178537,ФИЛЬТР ДЛЯ ВОДЫ FC02 4000L LINCAT,24203.0,Тэны
5030761,ЗАДНИЙ ФИЛЬТР ВАННЫ G12/03-G11/03,24707.0,Тэны
5049089,ФИЛЬТР ЭЛЕКТРОМАГНИТНОГО КЛАПАНА MULLER,25899.0,Тэны
5088830,ВПУСКНАЯ РЕШЕТКА FTN ВЫПУСКНАЯ РЕШЕТКА,28493.0,Тэны
5026564,ФИЛЬТР СБОРА С РУЧКОЙ,29128.0,Тэны
5067028,ЕМКОСТНОЙ ФИЛЬТР,36319.0,Тэны
5153235,ФИЛЬТР,37091.0,Тэны
7105403,ФИЛЬТР Ø 153 MM,40995.0,Тэны
5128250,ОБЕЗЗАРАЖИВАТЕЛЬ IRINOX BXIRDIA1 ETL/UL,122470.0,Тэны
